UPC,Available
353265977533,
353265977540,
353265977557,
353265977564,
353265977571,
353265977588,
353265977595,
353265977601,
353265977618,
353265977625,
353265977632,
353265977649,
353265977656,
353265977663,
353265977670,
353265977687,
353265977694,
353265977700,
353265977717,
353265977724,
353265977731,
353265977748,
353265977755,
353265977762,
353265977779,
353265977786,
353265977793,
353265977809,
353265977816,
353265977823,
353265977830,
353265977847,
353265977854,
353265977861,
353265977878,
353265977885,
353265977892,
353265977908,
353265977915,
353265977922,
353265977939,
353265977946,
353265977953,
353265977960,
353265977977,
353265977984,
353265977991,
353265978004,
353265978011,
353265978028,
353265978035,
353265978042,
353265978059,
353265978066,
353265978073,
353265978080,
353265978097,
353265978103,
353265978110,
353265978127,
353265978134,
353265978141,
353265978158,
353265978165,
353265978172,
353265978189,
353265978196,
353265978202,
353265978219,
353265978226,
353265978233,
353265978240,
353265978257,
353265978264,
353265978271,
353265978288,
353265978295,
353265978301,
353265978318,
353265978325,
353265978332,
353265978349,
353265978356,
353265978363,
353265978370,
353265978387,
353265978394,
353265978400,
353265978417,
353265978424,
353265978431,
353265978448,
353265978455,
353265978462,
353265978479,
353265978486,
353265978493,
353265978509,
353265978516,
353265978523,
353265978530,
353265978547,
353265978554,
353265978561,
353265978578,
353265978585,
353265978592,
353265978608,
353265978615,
353265978622,
353265978639,
353265978646,
353265978653,
353265978660,
353265978677,
353265978684,
353265978691,
353265978707,
353265978714,
353265978721,
353265978738,
353265978745,
353265978752,
353265978769,
353265978776,
353265978783,
353265978790,
353265978806,
353265978813,
353265978820,
353265978837,
353265978844,
353265978851,
353265978868,
353265978875,
353265978882,
353265978899,
353265978905,
353265978912,
353265978929,
353265978936,
353265978943,
353265978950,
353265978967,
353265978974,
353265978981,
353265978998,
353265979001,
353265979018,
353265979025,
353265979032,
353265979049,
353265979056,
353265979063,
353265979070,
353265979087,
353265979094,
353265979100,
353265979117,
353265979124,
353265979131,
353265979148,
353265979155,
353265979162,
353265979179,
353265979186,
353265979193,
353265979209,
353265979216,
353265979223,
353265979230,
353265979247,
353265979254,
353265979261,
353265979278,
353265979285,
353265979292,
353265979308,
353265979315,
353265979322,
353265979339,
353265979346,
353265979353,
353265979360,
353265979377,
353265979384,
353265979391,
353265979407,
353265979414,
353265979421,
353265979438,
353265979445,
353265979452,
353265979469,
353265979476,
353265979483,
353265979490,
353265979506,
353265979513,
353265979520,
353265979537,
353265979544,
353265979551,
353265979568,
353265979575,
353265979582,
353265979599,
353265979605,
353265979612,
353265979629,
353265979636,
353265979643,
353265979650,
353265979667,
353265979674,
353265979681,
353265979698,
353265979704,
353265979711,
353265979728,
353265979735,
353265979742,
353265979759,
353265979766,
353265979773,
353265979780,
353265979797,
353265979803,
353265979810,
353265979827,
353265979834,
353265979841,
353265979858,
353265979865,
353265979872,
353265979889,
353265979896,
353265979902,
353265979919,
353265979926,
353265979933,
353265979940,
353265979957,
353265979964,
353265979971,
353265979988,
353265979995,
353265980007,
353265980014,
353265980021,
353265980038,
353265980045,
353265980052,
353265980069,
353265980076,
353265980083,
353265980090,
353265980106,
353265980113,
353265980120,
353265980137,
353265980144,
353265980151,
353265980168,
353265980175,
353265980182,
353265980199,
353265980205,
353265980212,
353265980229,
353265980236,
353265980243,
353265980250,
353265980267,
353265980274,
353265980281,
353265980298,
353265980304,
353265980311,
353265980328,
353265980335,
353265980342,
353265980359,
353265980366,
353265980373,
353265980380,
353265980397,
353265980403,
353265980410,
353265980427,
353265980434,
353265980441,
353265980458,
353265980465,
353265980472,
353265980489,
353265980496,
353265980502,
353265980519,
353265980526,
353265980533,
353265980540,
353265980557,
353265980564,
353265980571,
353265980588,
353265980595,
353265980601,
353265980618,
353265980625,
353265980632,
353265980649,
353265980656,
353265980663,
353265980670,
353265980687,
353265980694,
353265980700,
353265980717,
353265980724,
353265980731,
353265980748,
353265980755,
353265980762,
353265980779,
353265980786,
353265980793,
353265980809,
353265980816,
353265980823,
353265980830,
353265980847,
353265980854,
353265980861,
353265980878,
353265980885,
353265980892,
353265980908,
353265980915,
353265980922,
353265980939,
353265980946,
353265980953,
353265980960,
353265980977,
353265980984,
353265980991,
353265981004,
353265981011,
353265981028,
353265981035,
353265981042,
353265981059,
353265981066,
353265981073,
353265981080,
353265981097,
353265981103,
353265981110,
353265981127,
353265981134,
353265981141,
353265981158,
353265981165,
353265981172,
353265981189,
353265981196,
353265981202,
353265981219,
353265981226,
353265981233,
353265981240,
353265981257,
353265981264,
353265981271,
353265981288,
353265981295,
353265981301,
353265981318,
353265981325,
353265981332,
353265981349,
353265981356,
353265981363,
353265981370,
353265981387,
353265981394,
353265981400,
353265981417,
353265981424,
353265981431,
353265981448,
353265981455,
353265981462,
353265981479,
353265981486,
353265981493,
353265981509,
353265981516,
353265981523,
353265981530,
353265981547,
353265981554,
353265981561,
353265981578,
353265981585,
353265981592,
353265981608,
353265981615,
353265981622,
353265981639,
353265981646,
353265981653,
353265981660,
353265981677,
353265981684,
353265981691,
353265981707,
353265981714,
353265981721,
353265981738,
353265981745,
353265981752,
353265981769,
353265981776,
353265981783,
353265981790,
353265981806,
353265981813,
353265981820,
353265981837,
353265981844,
353265981851,
353265981868,
353265981875,
353265981882,
353265981899,
353265981905,
353265981912,
353265981929,
353265981936,
353265981943,
353265981950,
353265981967,
353265981974,
353265981981,
353265981998,
353265982001,
353265982018,
353265982025,
353265982032,
353265982049,
353265982056,
353265982063,
353265982070,
353265982087,
353265982094,
353265982100,
353265982117,
353265982124,
353265982131,
353265982148,
353265982155,
353265982162,
353265982179,
353265982186,
353265982193,
353265982209,
353265982216,
353265982223,
353265982230,
353265982247,
353265982254,
353265982261,
353265982278,
353265982285,
353265982292,
353265982308,
353265982315,
353265982322,
353265982339,
353265982346,
353265982353,
353265982360,
353265982377,
353265982384,
353265982391,
353265982407,
353265982414,
353265982421,
353265982438,
353265982445,
353265982452,
353265982469,
353265982476,
353265982483,
353265982490,
353265982506,
353265982513,
353265982520,
353265982537,
353265982544,
353265982551,
353265982568,
353265982575,
353265982582,
353265982599,
353265982605,
353265982612,
353265982629,
353265982636,
353265982643,
353265982650,
353265982667,
353265982674,
353265982681,
353265982698,
353265982704,
353265982711,
353265982728,
353265982735,
353265982742,
353265982759,
353265982766,
353265982773,
353265982780,
353265982797,
353265982803,
353265982810,
353265982827,
353265982834,
353265982841,
353265982858,
353265982865,
353265982872,
353265982889,
353265982896,
353265982902,
353265982919,
353265982926,
353265982933,
353265982940,
353265982957,
353265982964,
353265982971,
353265982988,
353265982995,
353265983008,
353265983015,
353265983022,
353265983039,
353265983046,
353265983053,
353265983060,
353265983077,
353265983084,
353265983091,
353265983107,
353265983114,
353265983121,
353265983138,
353265983145,
353265983152,
353265983169,
353265983176,
353265983183,
353265983190,
353265983206,
353265983213,
353265983220,
353265983237,
353265983244,
353265983251,
353265983268,
353265983275,
353265983282,
353265983299,
353265983305,
353265983312,
353265983329,
353265983336,
353265983343,
353265983350,
353265983367,
353265983374,
353265983381,
353265983398,
353265983404,
353265983411,
353265983428,
353265983435,
353265983442,
353265983459,
353265983466,
353265983473,
353265983480,
353265983497,
353265983503,
353265983510,
353265983527,
353265983534,
353265983541,
353265983558,
353265983565,
353265983572,
353265983589,
353265983596,
353265983602,
353265983619,
353265983626,
353265983633,
353265983640,
353265983657,
353265983664,
353265983671,
353265983688,
353265983695,
353265983701,
353265983718,
353265983725,
353265983732,
353265983749,
353265983756,
353265983763,
353265983770,
353265983787,
353265983794,
353265983800,
353265983817,
353265983824,
353265983831,
353265983848,
353265983855,
353265983862,
353265983879,
353265983886,
353265983893,
353265983909,
353265983916,
353265983923,
353265983930,
353265983947,
353265983954,
353265983961,
353265983978,
353265983985,
353265983992,
353265984005,
353265984012,
353265984029,
353265984036,
353265984043,
353265984050,
353265984067,
353265984074,
353265984081,
353265984098,
353265984104,
353265984111,
353265984128,
353265984135,
353265984142,
353265984159,
353265984166,
353265984173,
353265984180,
353265984197,
353265984203,
353265984210,
353265984227,
353265984234,
353265984241,
353265984258,
353265984265,
353265984272,
353265984289,
353265984296,
353265984302,
353265984319,
353265984326,
353265984333,
353265984340,
353265984357,
353265984364,
353265984371,
353265984388,
353265984395,
353265984401,
353265984418,
353265984425,
353265984432,
353265984449,
353265984456,
353265984463,
353265984470,
353265984487,
353265984494,
353265984500,
353265984517,
353265984524,
353265984531,
353265984548,
353265984555,
353265984562,
353265984579,
353265984586,
353265984593,
353265984609,
353265984616,
353265984623,
353265984630,
353265984647,
353265984654,
353265984661,
353265984678,
353265984685,
353265984692,
353265984708,
353265984715,
353265984722,
353265984739,
353265984746,
353265984753,
353265984760,
353265984777,
353265984784,
353265984791,
353265984807,
353265984814,
353265984821,
353265984838,
353265984845,
353265984852,
353265984869,
353265984876,
353265984883,
353265984890,
353265984906,
353265984913,
353265984920,
353265984937,
353265984944,
353265984951,
353265984968,
353265984975,
353265984982,
353265984999,
353265985002,
353265985019,
353265985026,
353265985033,
353265985040,
353265985057,
353265985064,
353265985071,
353265985088,
353265985095,
353265985101,
353265985118,
353265985125,
353265985132,
353265985149,
353265985156,
353265985163,
353265985170,
353265985187,
353265985194,
353265985200,
353265985217,
353265985224,
353265985231,
353265985248,
353265985255,
353265985262,
353265985279,
353265985286,
353265985293,
353265985309,
353265985316,
353265985323,
353265985330,
353265985347,
353265985354,
353265985361,
353265985378,
353265985385,
353265985392,
353265985408,
353265985415,
353265985422,
353265985439,
353265985446,
353265985453,
353265985460,
353265985477,
353265985484,
353265985491,
353265985507,
353265985514,
353265985521,
353265985538,
353265985545,
353265985552,
353265985569,
353265985576,
353265985583,
353265985590,
353265985606,
353265985613,
353265985620,
353265985637,
353265985644,
353265985651,
353265985668,
353265985675,
353265985682,
353265985699,
353265985705,
353265985712,
353265985729,
353265985736,
353265985743,
353265985750,
353265985767,
353265985774,
353265985781,
353265985798,
353265985804,
353265985811,
353265985828,
353265985835,
353265985842,
353265985859,
353265985866,
353265985873,
353265985880,
353265985897,
353265985903,
353265985910,
353265985927,
353265985934,
353265985941,
353265985958,
353265985965,
353265985972,
353265985989,
353265985996,
353265986009,
353265986016,
353265986023,
353265986030,
353265986047,
353265986054,
353265986061,
353265986078,
353265986085,
353265986092,
353265986108,
353265986115,
353265986122,
353265986139,
353265986146,
353265986153,
353265986160,
353265986177,
353265986184,
353265986191,
353265986207,
353265986214,
353265986221,
353265986238,
353265986245,
353265986252,
353265986269,
353265986276,
353265986283,
353265986290,
353265986306,
353265986313,
353265986320,
353265986337,
353265986344,
353265986351,
353265986368,
353265986375,
353265986382,
353265986399,
353265986405,
353265986412,
353265986429,
353265986436,
353265986443,
353265986450,
353265986467,
353265986474,
353265986481,
353265986498,
353265986504,
353265986511,
353265986528,
353265986535,
353265986542,
353265986559,
353265986566,
353265986573,
353265986580,
353265986597,
353265986603,
353265986610,
353265986627,
353265986634,
353265986641,
353265986658,
353265986665,
353265986672,
353265986689,
353265986696,
353265986702,
353265986719,
353265986726,
353265986733,
353265986740,
353265986757,
353265986764,
353265986771,
353265986788,
353265986795,
353265986801,
353265986818,
353265986825,
353265986832,
353265986849,
353265986856,
353265986863,
353265986870,
353265986887,
353265986894,
353265986900,
353265986917,
353265986924,
353265986931,
353265986948,
353265986955,
353265986962,
353265986979,
353265986986,
353265986993,
353265987006,
353265987013,
353265987020,
353265987037,
353265987044,
353265987051,
353265987068,
353265987075,
353265987082,
353265987099,
353265987105,
353265987112,
353265987129,
353265987136,
353265987143,
353265987150,
353265987167,
353265987174,
353265987181,
353265987198,
353265987204,
353265987211,
353265987228,
353265987235,
353265987242,
353265987259,
353265987266,
353265987273,
353265987280,
353265987297,
353265987303,
353265987310,
353265987327,
353265987334,
353265987341,
353265987358,
353265987365,
353265987372,
353265987389,
353265987396,
353265987402,
353265987419,
353265987426,
353265987433,
353265987440,
353265987457,
353265987464,
353265987471,
353265987488,
353265987495,
353265987501,
353265987518,
353265987525,
353265987532,
353265987549,
353265987556,
353265987563,
353265987570,
353265987587,
353265987594,
353265987600,
353265987617,
353265987624,
353265987631,
353265987648,
353265987655,
353265987662,
353265987679,
353265987686,
353265987693,
353265987709,
353265987716,
353265987723,
353265987730,
353265987747,
353265987754,
353265987761,
353265987778,
353265987785,
353265987792,
353265987808,
353265987815,
353265987822,
353265987839,
353265987846,
353265987853,
353265987860,
353265987877,
353265987884,
353265987891,
353265987907,
353265987914,
353265987921,
353265987938,
353265987945,
353265987952,
353265987969,
353265987976,
353265987983,
353265987990,
353265988003,
353265988010,
353265988027,
353265988034,
353265988041,
353265988058,
353265988065,
353265988072,
353265988089,
353265988096,
353265988102,
353265988119,
353265988126,
353265988133,
353265988140,
353265988157,
353265988164,
353265988171,
353265988188,
353265988195,
353265988201,
353265988218,
353265988225,
353265988232,
353265988249,
353265988256,
353265988263,
353265988270,
353265988287,
353265988294,
353265988300,
353265988317,
353265988324,
353265988331,
353265988348,
353265988355,
353265988362,
353265988379,
353265988386,
353265988393,
353265988409,
353265988416,
353265988423,
353265988430,
353265988447,
353265988454,
353265988461,
353265988478,
353265988485,
353265988492,
353265988508,
353265988515,
353265988522,
353265988539,
353265988546,
353265988553,
353265988560,
353265988577,
353265988584,
353265988591,
353265988607,
353265988614,
353265988621,
353265988638,
353265988645,
353265988652,
353265988669,
353265988676,
353265988683,
353265988690,
353265988706,
353265988713,
353265988720,
353265988737,
353265988744,
353265988751,
353265988768,
353265988775,
353265988782,
353265988799,
353265988805,
353265988812,
353265988829,
353265988836,
353265988843,
353265988850,
353265988867,
353265988874,
353265988881,
353265988898,
353265988904,
353265988911,
353265988928,
353265988935,
353265988942,
353265988959,
353265988966,
353265988973,
353265988980,
353265988997,
353265989000,
353265989017,
353265989024,
353265989031,
353265989048,
353265989055,
353265989062,
353265989079,
353265989086,
353265989093,
353265989109,
353265989116,
353265989123,
353265989130,
353265989147,
353265989154,
353265989161,
353265989178,
353265989185,
353265989192,
353265989208,
353265989215,
353265989222,
353265989239,
353265989246,
353265989253,
353265989260,
353265989277,
353265989284,
353265989291,
353265989307,
353265989314,
353265989321,
353265989338,
353265989345,
353265989352,
353265989369,
353265989376,
353265989383,
353265989390,
353265989406,
353265989413,
353265989420,
353265989437,
353265989444,
353265989451,
353265989468,
353265989475,
353265989482,
353265989499,
353265989505,
353265989512,
353265989529,
353265989536,
353265989543,
353265989550,
353265989567,
353265989574,
353265989581,
353265989598,
353265989604,
353265989611,
353265989628,
353265989635,
353265989642,
353265989659,
353265989666,
353265989673,
353265989680,
353265989697,
353265989703,
353265989710,
353265989727,
353265989734,
353265989741,
353265989758,
353265989765,
353265989772,
353265989789,
353265989796,
353265989802,
353265989819,
353265989826,
353265989833,
353265989840,
353265989857,
353265989864,
353265989871,
353265989888,
353265989895,
353265989901,
353265989918,
353265989925,
353265989932,
353265989949,
353265989956,
353265989963,
353265989970,
353265989987,
353265989994,
353265990006,
353265990013,
353265990020,
353265990037,
353265990044,
353265990051,
353265990068,
353265990075,
353265990082,
353265990099,
353265990105,
353265990112,
353265990129,
353265990136,
353265990143,
353265990150,
353265990167,
353265990174,
353265990181,
353265990198,
353265990204,
353265990211,
353265990228,
353265990235,
353265990242,
353265990259,
353265990266,
353265990273,
353265990280,
353265990297,
353265990303,
353265990310,
353265990327,
353265990334,
353265990341,
353265990358,
353265990365,
353265990372,
353265990389,
353265990396,
353265990402,
353265990419,
353265990426,
353265990433,
353265990440,
353265990457,
353265990464,
353265990471,
353265990488,
353265990495,
353265990501,
353265990518,
353265990525,
353265990532,
353265990549,
353265990556,
353265990563,
353265990570,
353265990587,
353265990594,
353265990600,
353265990617,
353265990624,
353265990631,
353265990648,
353265990655,
353265990662,
353265990679,
353265990686,
353265990693,
353265990709,
353265990716,
353265990723,
353265990730,
353265990747,
353265990754,
353265990761,
353265990778,
353265990785,
353265990792,
353265990808,
353265990815,
353265990822,
353265990839,
353265990846,
353265990853,
353265990860,
353265990877,
353265990884,
353265990891,
353265990907,
353265990914,
353265990921,
353265990938,
353265990945,
353265990952,
353265990969,
353265990976,
353265990983,
353265990990,
353265991003,
353265991010,
353265991027,
353265991034,
353265991041,
353265991058,
353265991065,
353265991072,
353265991089,
353265991096,
353265991102,
353265991119,
353265991126,
353265991133,
353265991140,
353265991157,
353265991164,
353265991171,
353265991188,
353265991195,
353265991201,
353265991218,
353265991225,
353265991232,
353265991249,
353265991256,
353265991263,
353265991270,
353265991287,
353265991294,
353265991300,
353265991317,
353265991324,
353265991331,
353265991348,
353265991355,
353265991362,
353265991379,
353265991386,
353265991393,
353265991409,
353265991416,
353265991423,
353265991430,
353265991447,
353265991454,
353265991461,
353265991478,
353265991485,
353265991492,
353265991508,
353265991515,
353265991522,
353265991539,
353265991546,
353265991553,
353265991560,
353265991577,
353265991584,
353265991591,
353265991607,
353265991614,
353265991621,
353265991638,
353265991645,
353265991652,
353265991669,
353265991676,
353265991683,
353265991690,
353265991706,
353265991713,
353265991720,
353265991737,
353265991744,
353265991751,
353265991768,
353265991775,
353265991782,
353265991799,
353265991805,
353265991812,
353265991829,
353265991836,
353265991843,
353265991850,
353265991867,
353265991874,
353265991881,
353265991898,
353265991904,
353265991911,
353265991928,
353265991935,
353265991942,
353265991959,
353265991966,
353265991973,
353265991980,
353265991997,
353265992000,
353265992017,
353265992024,
353265992031,
353265992048,
353265992055,
353265992062,
353265992079,
353265992086,
353265992093,
353265992109,
353265992116,
353265992123,
353265992130,
353265992147,
353265992154,
353265992161,
353265992178,
353265992185,
353265992192,
353265992208,
353265992215,
353265992222,
353265992239,
353265992246,
353265992253,
353265992260,
353265992277,
353265992284,
353265992291,
353265992307,
353265992314,
353265992321,
353265992338,
353265992345,
353265992352,
353265992369,
353265992376,
353265992383,
353265992390,
353265992406,
353265992413,
353265992420,
353265992437,
353265992444,
353265992451,
353265992468,
353265992475,
353265992482,
353265992499,
353265992505,
353265992512,
353265992529,
353265992536,
353265992543,
353265992550,
353265992567,
353265992574,
353265992581,
353265992598,
353265992604,
353265992611,
353265992628,
353265992635,
353265992642,
353265992659,
353265992666,
353265992673,
353265992680,
353265992697,
353265992703,
353265992710,
353265992727,
353265992734,
353265992741,
353265992758,
353265992765,
353265992772,
353265992789,
353265992796,
353265992802,
353265992819,
353265992826,
353265992833,
353265992840,
353265992857,
353265992864,
353265992871,
353265992888,
353265992895,
353265992901,
353265992918,
353265992925,
353265992932,
353265992949,
353265992956,
353265992963,
353265992970,
353265992987,
353265992994,
353265993007,
353265993014,
353265993021,
353265993038,
353265993045,
353265993052,
353265993069,
353265993076,
353265993083,
353265993090,
353265993106,
353265993113,
353265993120,
353265993137,
353265993144,
353265993151,
353265993168,
353265993175,
353265993182,
353265993199,
353265993205,
353265993212,
353265993229,
353265993236,
353265993243,
353265993250,
353265993267,
353265993274,
353265993281,
353265993298,
353265993304,
353265993311,
353265993328,
353265993335,
353265993342,
353265993359,
353265993366,
353265993373,
353265993380,
353265993397,
353265993403,
353265993410,
353265993427,
353265993434,
353265993441,
353265993458,
353265993465,
353265993472,
353265993489,
353265993496,
353265993502,
353265993519,
353265993526,
353265993533,
353265993540,
353265993557,
353265993564,
353265993571,
353265993588,
353265993595,
353265993601,
353265993618,
353265993625,
353265993632,
353265993649,
353265993656,
353265993663,
353265993670,
353265993687,
353265993694,
353265993700,
353265993717,
353265993724,
353265993731,
353265993748,
353265993755,
353265993762,
353265993779,
353265993786,
353265993793,
353265993809,
353265993816,
353265993823,
353265993830,
353265993847,
353265993854,
353265993861,
353265993878,
353265993885,
353265993892,
353265993908,
353265993915,
353265993922,
353265993939,
353265993946,
353265993953,
353265993960,
353265993977,
353265993984,
353265993991,
353265994004,
353265994011,
353265994028,
353265994035,
353265994042,
353265994059,
353265994066,
353265994073,
353265994080,
353265994097,
353265994103,
353265994110,
353265994127,
353265994134,
353265994141,
353265994158,
353265994165,
353265994172,
353265994189,
353265994196,
353265994202,
353265994219,
353265994226,
353265994233,
353265994240,
353265994257,
353265994264,
353265994271,
353265994288,
353265994295,
353265994301,
353265994318,
353265994325,
353265994332,
353265994349,
353265994356,
353265994363,
353265994370,
353265994387,
353265994394,
353265994400,
353265994417,
353265994424,
353265994431,
353265994448,
353265994455,
353265994462,
353265994479,
353265994486,
353265994493,
353265994509,
353265994516,
353265994523,
353265994530,
353265994547,
353265994554,
353265994561,
353265994578,
353265994585,
353265994592,
353265994608,
353265994615,
353265994622,
353265994639,
353265994646,
353265994653,
353265994660,
353265994677,
353265994684,
353265994691,
353265994707,
353265994714,
353265994721,
353265994738,
353265994745,
353265994752,
353265994769,
353265994776,
353265994783,
353265994790,
353265994806,
353265994813,
353265994820,
353265994837,
353265994844,
353265994851,
353265994868,
353265994875,
353265994882,
353265994899,
353265994905,
353265994912,
353265994929,
353265994936,
353265994943,
353265994950,
353265994967,
353265994974,
353265994981,
353265994998,
353265995001,
353265995018,
353265995025,
353265995032,
353265995049,
353265995056,
353265995063,
353265995070,
353265995087,
353265995094,
353265995100,
353265995117,
353265995124,
353265995131,
353265995148,
353265995155,
353265995162,
353265995179,
353265995186,
353265995193,
353265995209,
353265995216,
353265995223,
353265995230,
353265995247,
353265995254,
353265995261,
353265995278,
353265995285,
353265995292,
353265995308,
353265995315,
353265995322,
353265995339,
353265995346,
353265995353,
353265995360,
353265995377,
353265995384,
353265995391,
353265995407,
353265995414,
353265995421,
353265995438,
353265995445,
353265995452,
353265995469,
353265995476,
353265995483,
353265995490,
353265995506,
353265995513,
353265995520,
353265995537,
353265995544,
353265995551,
353265995568,
353265995575,
353265995582,
353265995599,
353265995605,
353265995612,
353265995629,
353265995636,
353265995643,
353265995650,
353265995667,
353265995674,
353265995681,
353265995698,
353265995704,
353265995711,
353265995728,
353265995735,
353265995742,
353265995759,
353265995766,
353265995773,
353265995780,
353265995797,
353265995803,
353265995810,
353265995827,
353265995834,
353265995841,
353265995858,
353265995865,
353265995872,
353265995889,
353265995896,
353265995902,
353265995919,
353265995926,
353265995933,
353265995940,
353265995957,
353265995964,
353265995971,
353265995988,
353265995995,
353265996008,
353265996015,
353265996022,
353265996039,
353265996046,
353265996053,
353265996060,
353265996077,
353265996084,
353265996091,
353265996107,
353265996114,
353265996121,
353265996138,
353265996145,
353265996152,
353265996169,
353265996176,
353265996183,
353265996190,
353265996206,
353265996213,
353265996220,
353265996237,
353265996244,
353265996251,
353265996268,
353265996275,
353265996282,
353265996299,
353265996305,
353265996312,
353265996329,
353265996336,
353265996343,
353265996350,
353265996367,
353265996374,
353265996381,
353265996398,
353265996404,
353265996411,
353265996428,
353265996435,
353265996442,
353265996459,
353265996466,
353265996473,
353265996480,
353265996497,
353265996503,
353265996510,
353265996527,
353265996534,
353265996541,
353265996558,
353265996565,
353265996572,
353265996589,
353265996596,
353265996602,
353265996619,
353265996626,
353265996633,
353265996640,
353265996657,
353265996664,
353265996671,
353265996688,
353265996695,
353265996701,
353265996718,
353265996725,
353265996732,
353265996749,
353265996756,
353265996763,
353265996770,
353265996787,
353265996794,
353265996800,
353265996817,
353265996824,
353265996831,
353265996848,
353265996855,
353265997937,
353265997944,
353265997951,
353265997968,
353265997975,
353265997982,
353265997999,
353265998002,
353265998019,
353265998026,
353265998033,
353265998040,
353265998057,
353265998064,
353265998071,
353265998088,
353265998095,
353265998101,
353265998118,
353265998125,
353265998132,
353265998149,
353265998156,
353265998163,
353265998170,
353265998187,
353265998194,
353265998200,
353265998217,
353265998224,
353265998231,
353265998248,
353265998255,
353265998262,
353265998279,
353265998286,
353265998293,
353265998309,
353265998316,
353265998323,
353265998330,
353265998347,
353265998354,
353265998361,
353265998378,
353265998385,
353265998392,
353265998408,
353265998415,
353265998422,
353265998439,
353265998446,
353265998453,
353265998460,
353265998477,
353265998484,
353265998491,
353265998507,
353265998514,
353265998521,
353265998538,
353265998545,
353265998552,
353265998569,
353265998576,
353265998583,
353265998590,
353265998606,
353265998613,
353265998620,
353265998637,
353265998644,
353265998651,
353265998668,
353265998675,
353265998682,
353265998699,
353265998705,
353265998712,
353265998729,
353265998736,
353265998743,
353265998750,
353265998767,
353265998774,
353265998781,
353265998798,
353265998804,
353265998811,
353265998828,
353265998835,
353265998842,
353265998859,
353265998866,
353265998873,
353265998880,
353265998897,
353265998903,
353265998910,
353265998927,
353265998934,
353265998941,
353265998958,
353265998965,
353265998972,
353265998989,
353265998996,
353265999009,
353265999016,
353265999023,
353265999030,
353265999047,
353265999054,
353265999061,
353265999078,
353265999085,
353265999092,
353265999108,
353265999115,
353265999122,
353265999139,
353265999146,
353265999153,
353265999160,
353265999177,
353265999184,
353265999191,
353265999207,
353265999214,
353265999221,
353265999238,
353265999245,
353265999252,
353265999269,
353265999276,
353265999283,
353265999290,
353265999306,
353265999313,
353265999320,
353265999337,
353265999344,
353265999351,
353265999368,
353265999375,
353265999382,
353265999399,
353265999405,
353265999412,
353265999429,
353265999436,
353265999443,
353265999450,
353265999467,
353265999474,
353265999481,
353265999498,
353265999504,
353265999511,
353265999528,
353265999535,
353265999542,
353265999559,
353265999566,
353265999573,
353265999580,
353265999597,
353265999603,
353265999610,
353265999627,
353265999634,
353265999641,
353265999658,
353265999665,
353265999672,
353265999689,
353265999696,
353265999702,
353265999719,
353265999726,
353265999733,
353265999740,
353265999757,
353265999764,
353265999771,
353265999788,
353265999795,
353265999801,
353265999818,
353265999825,
353265999832,
353265999849,
353265999856,
353265999863,
353265999870,
353265999887,
353265999894,
353265999900,
353265999917,
353265999924,
353265999931,
353265999948,
353265999955,
353265999962,
353265999979,
353265999986,
353265999993,
